{
	"Name": "SimpleTest",
	"Type": "Lua",
	"WebSocketDefault": {
		"Path": "/MiniParse",
		"Port": 10501,
		"Host": "localhost",
		"SSL": false
	},
	"Preferences": {
		"Colors": {
			"BackgroundColor": {
				"NodeType": "Color3"
			},
			"TextColor": {
				"NodeType": "Color3"
			}
		},
		"Opacitys": {
			"BackgroundAlpha": {
				"NodeType": "Int",
				"Step": 3
			},
			"TextAlpha": {
				"NodeType": "Int",
				"Step": 3
			}
		},
		"Test":{
			"Test2": {
				"NodeType": "Color4"
			},
			"Test3": {
				"NodeType": "String",
				"StringMaxLength": 33
			},
			"Test4": {
				"NodeType": "Boolean"
			},
			"Test6": {
				"NodeType": "Float",
				"Step": 0.5
			}
		}
	}
}