{
   "acn.png" : {
      "height" : 31,
      "is_9patch" : false,
      "key" : "acn.png",
      "left" : 90,
      "offsetx" : -4,
      "offsety" : -1,
      "ori_height" : 32,
      "ori_width" : 32,
      "rotated" : false,
      "top" : 60,
      "width" : 24
   },
   "alc.png" : {
      "height" : 32,
      "is_9patch" : false,
      "key" : "alc.png",
      "left" : 157,
      "offsetx" : -2,
      "offsety" : 0,
      "ori_height" : 32,
      "ori_width" : 32,
      "rotated" : false,
      "top" : 0,
      "width" : 29
   },
   "arc.png" : {
      "height" : 30,
      "is_9patch" : false,
      "key" : "arc.png",
      "left" : 151,
      "offsetx" : -1,
      "offsety" : -1,
      "ori_height" : 32,
      "ori_width" : 32,
      "rotated" : false,
      "top" : 175,
      "width" : 30
   },
   "arm.png" : {
      "height" : 32,
      "is_9patch" : false,
      "key" : "arm.png",
      "left" : 186,
      "offsetx" : -3,
      "offsety" : 0,
      "ori_height" : 32,
      "ori_width" : 32,
      "rotated" : false,
      "top" : 0,
      "width" : 26
   },
   "ast.png" : {
      "height" : 30,
      "is_9patch" : false,
      "key" : "ast.png",
      "left" : 212,
      "offsetx" : 0,
      "offsety" : -1,
      "ori_height" : 32,
      "ori_width" : 32,
      "rotated" : false,
      "top" : 0,
      "width" : 32
   },
   "bishop.png" : {
      "height" : 32,
      "is_9patch" : false,
      "key" : "bishop.png",
      "left" : 212,
      "offsetx" : 0,
      "offsety" : 0,
      "ori_height" : 32,
      "ori_width" : 32,
      "rotated" : false,
      "top" : 30,
      "width" : 32
   },
   "blm.png" : {
      "height" : 30,
      "is_9patch" : false,
      "key" : "blm.png",
      "left" : 29,
      "offsetx" : -1,
      "offsety" : -1,
      "ori_height" : 32,
      "ori_width" : 32,
      "rotated" : false,
      "top" : 208,
      "width" : 30
   },
   "brd.png" : {
      "height" : 31,
      "is_9patch" : false,
      "key" : "brd.png",
      "left" : 114,
      "offsetx" : -3,
      "offsety" : -1,
      "ori_height" : 32,
      "ori_width" : 32,
      "rotated" : false,
      "top" : 88,
      "width" : 26
   },
   "bsm.png" : {
      "height" : 23,
      "is_9patch" : false,
      "key" : "bsm.png",
      "left" : 140,
      "offsetx" : 0,
      "offsety" : -5,
      "ori_height" : 32,
      "ori_width" : 32,
      "rotated" : false,
      "top" : 114,
      "width" : 31
   },
   "btn.png" : {
      "height" : 30,
      "is_9patch" : false,
      "key" : "btn.png",
      "left" : 87,
      "offsetx" : -3,
      "offsety" : -1,
      "ori_height" : 32,
      "ori_width" : 32,
      "rotated" : false,
      "top" : 180,
      "width" : 28
   },
   "center.png" : {
      "height" : 20,
      "is_9patch" : false,
      "key" : "center.png",
      "left" : 114,
      "offsetx" : 0,
      "offsety" : 0,
      "ori_height" : 20,
      "ori_width" : 10,
      "rotated" : false,
      "top" : 60,
      "width" : 10
   },
   "chocobo.png" : {
      "height" : 30,
      "is_9patch" : false,
      "key" : "chocobo.png",
      "left" : 64,
      "offsetx" : -4,
      "offsety" : -2,
      "ori_height" : 32,
      "ori_width" : 32,
      "rotated" : false,
      "top" : 92,
      "width" : 25
   },
   "cnj.png" : {
      "height" : 29,
      "is_9patch" : false,
      "key" : "cnj.png",
      "left" : 59,
      "offsetx" : -2,
      "offsety" : -2,
      "ori_height" : 32,
      "ori_width" : 32,
      "rotated" : false,
      "top" : 182,
      "width" : 28
   },
   "cog.png" : {
      "height" : 60,
      "is_9patch" : false,
      "key" : "cog.png",
      "left" : 0,
      "offsetx" : 0,
      "offsety" : 0,
      "ori_height" : 60,
      "ori_width" : 65,
      "rotated" : false,
      "top" : 0,
      "width" : 65
   },
   "crp.png" : {
      "height" : 31,
      "is_9patch" : false,
      "key" : "crp.png",
      "left" : 171,
      "offsetx" : -1,
      "offsety" : -1,
      "ori_height" : 32,
      "ori_width" : 32,
      "rotated" : false,
      "top" : 115,
      "width" : 30
   },
   "cul.png" : {
      "height" : 22,
      "is_9patch" : false,
      "key" : "cul.png",
      "left" : 189,
      "offsetx" : 0,
      "offsety" : -5,
      "ori_height" : 32,
      "ori_width" : 32,
      "rotated" : false,
      "top" : 93,
      "width" : 32
   },
   "dnc.png" : {
      "height" : 32,
      "is_9patch" : false,
      "key" : "dnc.png",
      "left" : 0,
      "offsetx" : 0,
      "offsety" : 0,
      "ori_height" : 32,
      "ori_width" : 32,
      "rotated" : false,
      "top" : 60,
      "width" : 32
   },
   "drg.png" : {
      "height" : 31,
      "is_9patch" : false,
      "key" : "drg.png",
      "left" : 90,
      "offsetx" : -5,
      "offsety" : -1,
      "ori_height" : 32,
      "ori_width" : 32,
      "rotated" : false,
      "top" : 91,
      "width" : 22
   },
   "drk.png" : {
      "height" : 32,
      "is_9patch" : false,
      "key" : "drk.png",
      "left" : 64,
      "offsetx" : -3,
      "offsety" : 0,
      "ori_height" : 32,
      "ori_width" : 32,
      "rotated" : false,
      "top" : 60,
      "width" : 26
   },
   "emerald.png" : {
      "height" : 27,
      "is_9patch" : false,
      "key" : "emerald.png",
      "left" : 32,
      "offsetx" : 0,
      "offsety" : -3,
      "ori_height" : 32,
      "ori_width" : 32,
      "rotated" : false,
      "top" : 91,
      "width" : 32
   },
   "empty.png" : {
      "height" : 32,
      "is_9patch" : false,
      "key" : "empty.png",
      "left" : 0,
      "offsetx" : 0,
      "offsety" : 0,
      "ori_height" : 32,
      "ori_width" : 32,
      "rotated" : false,
      "top" : 92,
      "width" : 32
   },
   "eos.png" : {
      "height" : 31,
      "is_9patch" : false,
      "key" : "eos.png",
      "left" : 112,
      "offsetx" : -5,
      "offsety" : -1,
      "ori_height" : 32,
      "ori_width" : 32,
      "rotated" : false,
      "top" : 119,
      "width" : 26
   },
   "error.png" : {
      "height" : 31,
      "is_9patch" : false,
      "key" : "error.png",
      "left" : 201,
      "offsetx" : -1,
      "offsety" : 0,
      "ori_height" : 32,
      "ori_width" : 32,
      "rotated" : false,
      "top" : 124,
      "width" : 31
   },
   "fsh.png" : {
      "height" : 31,
      "is_9patch" : false,
      "key" : "fsh.png",
      "left" : 32,
      "offsetx" : -2,
      "offsety" : 0,
      "ori_height" : 32,
      "ori_width" : 32,
      "rotated" : false,
      "top" : 118,
      "width" : 30
   },
   "garuda.png" : {
      "height" : 26,
      "is_9patch" : false,
      "key" : "garuda.png",
      "left" : 0,
      "offsetx" : -2,
      "offsety" : -3,
      "ori_height" : 32,
      "ori_width" : 32,
      "rotated" : false,
      "top" : 215,
      "width" : 29
   },
   "gld.png" : {
      "height" : 30,
      "is_9patch" : false,
      "key" : "gld.png",
      "left" : 29,
      "offsetx" : -1,
      "offsety" : -1,
      "ori_height" : 32,
      "ori_width" : 32,
      "rotated" : false,
      "top" : 178,
      "width" : 30
   },
   "gnb.png" : {
      "height" : 32,
      "is_9patch" : false,
      "key" : "gnb.png",
      "left" : 125,
      "offsetx" : 0,
      "offsety" : 0,
      "ori_height" : 32,
      "ori_width" : 32,
      "rotated" : false,
      "top" : 56,
      "width" : 32
   },
   "gsm.png" : {
      "height" : 23,
      "is_9patch" : false,
      "key" : "gsm.png",
      "left" : 157,
      "offsetx" : 0,
      "offsety" : -5,
      "ori_height" : 32,
      "ori_width" : 32,
      "rotated" : false,
      "top" : 59,
      "width" : 32
   },
   "ifrit.png" : {
      "height" : 30,
      "is_9patch" : false,
      "key" : "ifrit.png",
      "left" : 125,
      "offsetx" : 0,
      "offsety" : -1,
      "ori_height" : 32,
      "ori_width" : 32,
      "rotated" : false,
      "top" : 0,
      "width" : 32
   },
   "left.png" : {
      "height" : 20,
      "is_9patch" : false,
      "key" : "left.png",
      "left" : 145,
      "offsetx" : 0,
      "offsety" : 0,
      "ori_height" : 20,
      "ori_width" : 6,
      "rotated" : false,
      "top" : 198,
      "width" : 6
   },
   "limit break.png" : {
      "height" : 30,
      "is_9patch" : false,
      "key" : "limit break.png",
      "left" : 0,
      "offsetx" : -1,
      "offsety" : 0,
      "ori_height" : 32,
      "ori_width" : 32,
      "rotated" : false,
      "top" : 155,
      "width" : 29
   },
   "lnc.png" : {
      "height" : 30,
      "is_9patch" : false,
      "key" : "lnc.png",
      "left" : 92,
      "offsetx" : -1,
      "offsety" : -1,
      "ori_height" : 32,
      "ori_width" : 32,
      "rotated" : false,
      "top" : 150,
      "width" : 30
   },
   "ltw.png" : {
      "height" : 31,
      "is_9patch" : false,
      "key" : "ltw.png",
      "left" : 32,
      "offsetx" : 0,
      "offsety" : -1,
      "ori_height" : 32,
      "ori_width" : 32,
      "rotated" : false,
      "top" : 60,
      "width" : 32
   },
   "mch.png" : {
      "height" : 32,
      "is_9patch" : false,
      "key" : "mch.png",
      "left" : 221,
      "offsetx" : -3,
      "offsety" : 0,
      "ori_height" : 32,
      "ori_width" : 32,
      "rotated" : false,
      "top" : 92,
      "width" : 27
   },
   "min.png" : {
      "height" : 31,
      "is_9patch" : false,
      "key" : "min.png",
      "left" : 138,
      "offsetx" : -1,
      "offsety" : -1,
      "ori_height" : 32,
      "ori_width" : 32,
      "rotated" : false,
      "top" : 137,
      "width" : 31
   },
   "mnk.png" : {
      "height" : 30,
      "is_9patch" : false,
      "key" : "mnk.png",
      "left" : 62,
      "offsetx" : -1,
      "offsety" : -1,
      "ori_height" : 32,
      "ori_width" : 32,
      "rotated" : false,
      "top" : 122,
      "width" : 30
   },
   "mrd.png" : {
      "height" : 29,
      "is_9patch" : false,
      "key" : "mrd.png",
      "left" : 29,
      "offsetx" : -1,
      "offsety" : -1,
      "ori_height" : 32,
      "ori_width" : 32,
      "rotated" : false,
      "top" : 149,
      "width" : 30
   },
   "nin.png" : {
      "height" : 29,
      "is_9patch" : false,
      "key" : "nin.png",
      "left" : 169,
      "offsetx" : 0,
      "offsety" : -1,
      "ori_height" : 32,
      "ori_width" : 32,
      "rotated" : false,
      "top" : 146,
      "width" : 31
   },
   "pgl.png" : {
      "height" : 31,
      "is_9patch" : false,
      "key" : "pgl.png",
      "left" : 0,
      "offsetx" : -1,
      "offsety" : 0,
      "ori_height" : 32,
      "ori_width" : 32,
      "rotated" : false,
      "top" : 124,
      "width" : 29
   },
   "pld.png" : {
      "height" : 30,
      "is_9patch" : false,
      "key" : "pld.png",
      "left" : 59,
      "offsetx" : -2,
      "offsety" : -1,
      "ori_height" : 32,
      "ori_width" : 32,
      "rotated" : false,
      "top" : 152,
      "width" : 28
   },
   "pug.png" : {
      "height" : 31,
      "is_9patch" : false,
      "key" : "pug.png",
      "left" : 200,
      "offsetx" : -1,
      "offsety" : 0,
      "ori_height" : 32,
      "ori_width" : 32,
      "rotated" : false,
      "top" : 155,
      "width" : 29
   },
   "rdm.png" : {
      "height" : 30,
      "is_9patch" : false,
      "key" : "rdm.png",
      "left" : 189,
      "offsetx" : -3,
      "offsety" : -1,
      "ori_height" : 32,
      "ori_width" : 32,
      "rotated" : false,
      "top" : 32,
      "width" : 21
   },
   "resize.png" : {
      "height" : 60,
      "is_9patch" : false,
      "key" : "resize.png",
      "left" : 65,
      "offsetx" : 0,
      "offsety" : 0,
      "ori_height" : 60,
      "ori_width" : 60,
      "rotated" : false,
      "top" : 0,
      "width" : 60
   },
   "right.png" : {
      "height" : 20,
      "is_9patch" : false,
      "key" : "right.png",
      "left" : 248,
      "offsetx" : 0,
      "offsety" : 0,
      "ori_height" : 20,
      "ori_width" : 6,
      "rotated" : false,
      "top" : 92,
      "width" : 6
   },
   "rog.png" : {
      "height" : 30,
      "is_9patch" : false,
      "key" : "rog.png",
      "left" : 221,
      "offsetx" : 0,
      "offsety" : -1,
      "ori_height" : 32,
      "ori_width" : 32,
      "rotated" : false,
      "top" : 62,
      "width" : 32
   },
   "rook.png" : {
      "height" : 32,
      "is_9patch" : false,
      "key" : "rook.png",
      "left" : 157,
      "offsetx" : 0,
      "offsety" : 0,
      "ori_height" : 32,
      "ori_width" : 32,
      "rotated" : false,
      "top" : 82,
      "width" : 32
   },
   "sam.png" : {
      "height" : 30,
      "is_9patch" : false,
      "key" : "sam.png",
      "left" : 0,
      "offsetx" : -2,
      "offsety" : -1,
      "ori_height" : 32,
      "ori_width" : 32,
      "rotated" : false,
      "top" : 185,
      "width" : 29
   },
   "sch.png" : {
      "height" : 23,
      "is_9patch" : false,
      "key" : "sch.png",
      "left" : 87,
      "offsetx" : -2,
      "offsety" : -5,
      "ori_height" : 32,
      "ori_width" : 32,
      "rotated" : false,
      "top" : 210,
      "width" : 28
   },
   "selene.png" : {
      "height" : 31,
      "is_9patch" : false,
      "key" : "selene.png",
      "left" : 229,
      "offsetx" : -4,
      "offsety" : -1,
      "ori_height" : 32,
      "ori_width" : 32,
      "rotated" : false,
      "top" : 155,
      "width" : 27
   },
   "smn.png" : {
      "height" : 28,
      "is_9patch" : false,
      "key" : "smn.png",
      "left" : 59,
      "offsetx" : -2,
      "offsety" : -2,
      "ori_height" : 32,
      "ori_width" : 32,
      "rotated" : false,
      "top" : 211,
      "width" : 28
   },
   "thm.png" : {
      "height" : 30,
      "is_9patch" : false,
      "key" : "thm.png",
      "left" : 122,
      "offsetx" : -1,
      "offsety" : -2,
      "ori_height" : 32,
      "ori_width" : 32,
      "rotated" : false,
      "top" : 168,
      "width" : 29
   },
   "titan.png" : {
      "height" : 31,
      "is_9patch" : false,
      "key" : "titan.png",
      "left" : 189,
      "offsetx" : 0,
      "offsety" : -1,
      "ori_height" : 32,
      "ori_width" : 32,
      "rotated" : false,
      "top" : 62,
      "width" : 32
   },
   "topaz.png" : {
      "height" : 27,
      "is_9patch" : false,
      "key" : "topaz.png",
      "left" : 157,
      "offsetx" : 0,
      "offsety" : -3,
      "ori_height" : 32,
      "ori_width" : 32,
      "rotated" : false,
      "top" : 32,
      "width" : 32
   },
   "war.png" : {
      "height" : 26,
      "is_9patch" : false,
      "key" : "war.png",
      "left" : 125,
      "offsetx" : 0,
      "offsety" : -3,
      "ori_height" : 32,
      "ori_width" : 32,
      "rotated" : false,
      "top" : 30,
      "width" : 32
   },
   "whm.png" : {
      "height" : 31,
      "is_9patch" : false,
      "key" : "whm.png",
      "left" : 232,
      "offsetx" : -7,
      "offsety" : 0,
      "ori_height" : 32,
      "ori_width" : 32,
      "rotated" : false,
      "top" : 124,
      "width" : 19
   },
   "wvr.png" : {
      "height" : 28,
      "is_9patch" : false,
      "key" : "wvr.png",
      "left" : 115,
      "offsetx" : -1,
      "offsety" : -2,
      "ori_height" : 32,
      "ori_width" : 32,
      "rotated" : false,
      "top" : 198,
      "width" : 30
   }
}
